carrs_index,true_density,particle_size_d50,impeller_rpm,compression_force_kn,drying_temp_c,moisture_pct,binder_pct,sticking,capping,lamination,overdrying,crystallisation
21.35081696523116,0.9027154315633003,210.0141937398319,217.68307797645852,24.04495478444243,79.86778456969725,4.3942119058546085,6.384650039137197,0,1,0,0,0
23.789299382745313,0.8832877195073331,90.80712692577977,190.11015774510997,14.663512670575697,58.16792482232633,7.03880963998656,3.2890984009896127,1,1,0,0,0
26.011733982181656,1.3794710537029928,161.01698986045724,77.74736730337027,17.78188655501878,70.58971199659346,3.131243634495507,6.4552849262975736,0,1,0,0,0
14.003004884896201,1.2627095336051273,196.61425920593496,161.76388595160637,17.308137000029546,81.54926547651502,6.034762988150173,6.978867204243284,1,1,0,0,0
13.349651645181396,1.0193285332478448,173.1970900520358,165.08956780048157,19.43197573082828,45.11570934189105,7.862041726633661,6.039786152681715,0,1,0,0,0
12.091356806688005,0.8635354951911893,87.60494692308322,266.1409023806675,26.639428640613804,83.56402852320723,2.611358605237621,6.14679241265376,0,1,1,0,0
22.728604990872732,0.8685265996771445,121.07691373714789,186.66205504694713,29.518483589585735,108.68244857336062,2.049919653363152,2.8695480485999942,0,1,1,1,1
24.129514529738024,1.5153526997312947,206.75835689707944,145.10013724260241,15.189605214345423,53.307535484860935,4.6014967557956865,4.67186319371766,1,1,0,0,0
10.63172289651284,0.9534938597749943,160.84530282640333,294.2000821276648,25.687973052657576,95.48165814018682,2.555752898308203,1.8699075268205232,0,1,1,0,1
28.724244924873798,1.0586972496924167,51.045922708582545,77.68014833157892,24.11319486636794,103.55291556457335,6.490306098057388,2.0220486525191834,1,1,0,0,1
11.039425673029449,0.9813251217815905,202.19815200561877,155.63710707798617,19.33822378638933,106.05911149741546,7.487291983091353,6.993909366183098,0,0,0,0,1
20.82592670602141,1.08399704466555,57.062270988047814,60.50616879285133,28.90117859029833,107.2094923083813,4.604125836252553,3.29651587184251,0,1,0,0,1
24.18121038901833,0.8555390741968747,199.14675654624642,234.97603019173258,10.01186288821007,76.50217471050303,3.5522698529326457,5.615011516268655,0,1,0,0,0
27.41938247492171,1.2152478327266163,90.49611203304748,279.51913804978767,7.731605257740535,108.41155355940526,4.606419914039659,5.936657791647491,0,0,0,0,0
24.281738642648556,0.854090050873772,241.61469602387604,120.00933238762236,26.349049173885554,93.01171449941072,6.340686907100006,6.219127990539761,0,1,0,0,1
26.034561661395838,1.4402852062578893,123.5881502604169,264.58541919978023,15.978745415843708,51.31700053658733,2.054324969482226,6.986955635711861,0,1,0,0,0
16.78900385085612,0.9869696655283464,115.38632326761582,123.05455761547444,26.174221355176513,73.38300745275791,5.536723936908183,2.828230668912773,0,1,0,0,0
26.296502274930244,1.2320095316836086,79.77761006648893,277.69254041097884,27.327255129885373,90.28318227604028,5.679750109324274,1.7219295477283483,0,1,0,0,0
11.602296927693503,1.5040632700491667,111.12084309804297,238.49047589919599,6.561439840476786,57.31382210733584,5.826129481375613,3.7615533489702226,1,1,0,0,0
27.896333121210553,1.3207018952377554,225.33015236564012,251.22669421035965,27.086619074651516,84.84306284842211,3.4521324798852633,2.215443684059208,0,1,1,0,0
20.951847523074726,1.2263662292410684,249.26686752544947,54.501638900113626,16.207976384235554,86.66203353326335,6.28431634026876,1.6233423903913031,1,1,0,0,0
26.345955399249874,1.0594670024923005,123.66190610136967,290.7025892685065,17.760812225105806,51.38898206659961,2.5483489179906584,3.4823475492781735,0,1,0,0,0
19.046365690366002,1.0664015304465584,139.7221261909085,231.6677480175808,20.664812777330255,79.55597187169295,3.1956220188008047,5.810560380913801,0,1,0,0,0
22.871553903930497,1.335589564158552,194.4141876405474,126.18777384653333,28.15956516825217,94.01388376850254,7.264820279926892,4.613993801737889,1,1,0,0,0
20.528053218722263,1.5953114889769342,227.2391560930149,257.3486662147117,5.477902360744101,74.92269651751593,6.432338904359398,3.2202789406569474,1,0,0,0,0
24.631790435106637,1.329471351879503,168.60886683735683,120.38029960373248,16.921086707945427,40.84721817432752,2.0824733240680713,5.0988810302099585,1,1,0,0,0
11.632599640611792,1.24622673389602,128.30513963556587,268.188459891532,22.193051060764017,40.63269283555045,3.490257562218801,2.776099991698459,0,1,1,0,0
11.207041679811276,1.3845204081913969,132.52436816972477,78.14509760298425,23.067673942455713,64.99205407790086,3.2864388979589876,1.5790979533964675,0,1,1,0,0
14.942064680202929,1.1721644898269745,189.12362929936137,225.92149436519892,22.3133107884277,104.83358479022473,3.6248379682218355,5.703943625400351,0,1,0,0,0
13.190893602263767,0.8481138740806282,50.643652720855734,185.17461916122758,8.360878235203046,56.007374572252616,3.4853586216793184,4.93058696675205,0,0,0,0,0
27.435671331844034,1.249837452702328,173.91786749196814,74.1336175488602,12.48488970929203,84.40545822101811,2.375157774457074,5.6926644347552795,0,0,0,0,0
14.384279747160885,1.5661002276043043,121.09860208827148,110.47345706470975,13.967888135425337,55.54531094853244,4.753643099580922,1.714159091782161,1,1,0,0,0
29.517305116382627,0.9402423538861278,208.83946625541685,53.1010090693287,25.110930191987624,62.5168992761684,6.396400848716991,6.104157953068587,1,1,0,0,0
16.737915835422136,1.3520039126565326,68.59812796462643,167.19199136612644,11.968996810363826,99.36294627210387,5.640390348304619,4.907394100199668,0,0,0,0,0
13.642358313773986,0.9607469509272453,167.6404533896781,125.3163151900001,10.267624096680079,91.02030095889629,6.037230011588479,4.598674428919521,1,0,0,0,1
25.79397014284958,1.2286621475784651,146.19457797722475,199.5893710744397,28.936200475952404,46.67794941192474,2.486895071217435,4.935377264629924,0,1,1,0,0
23.17415551001752,0.8773411597173757,178.4651051810455,124.3094519271543,5.221582127836722,70.00914146905035,7.708944261060723,6.254382857776003,1,0,0,0,0
19.96391432906278,1.1602967490065481,62.97071889659367,124.97977787674617,29.945521392049454,42.04188345516852,7.030951003058149,4.728150786073989,0,1,0,0,0
21.107271018752627,1.4049306631161969,165.99675748562626,235.79829968290085,21.92053247143489,73.66231026221064,6.8305419109739764,4.695227089384986,1,1,0,0,0
24.384035565445277,1.0780572193911857,162.29691759190473,62.03570899458836,25.711732486227927,86.37038081907477,6.937902830250605,6.9487353638617115,0,1,0,0,0
14.569094826625975,1.3319293795897744,162.1320188832342,275.7237487979968,12.365484908654828,48.29518365187061,7.596263048796568,5.662015918877124,1,1,0,0,0
29.926678321134837,1.4363599686317834,170.69753331929095,263.0659685977954,5.357881941676499,60.221945723641596,5.265523796682186,3.932615929981244,1,0,0,0,0
29.495863242935663,1.5417422555835623,185.29358744527244,216.95117080660162,23.446737964038252,67.84856378515099,3.2016921072057554,5.390683500181103,0,1,1,0,0
23.00651372693874,0.9877136654843629,210.99779993615394,198.30539252684608,25.853614925016895,104.36717172592348,5.700701647115247,3.6407675943048368,0,1,0,0,1
13.990849018582903,1.1194527326474466,103.96414402564287,273.07562453491306,23.51190329883798,109.52785107960749,6.457288962007634,2.7588150436592445,0,1,0,0,0
23.604564848625827,0.921932810664334,215.0098820360124,96.33254488217861,8.571257182520965,43.14379092969311,6.427504360124153,4.782685322882677,1,0,0,0,0
11.443968179583518,1.5939868017267003,149.6511364526907,69.74229054770716,23.835698056424228,93.27055464467745,5.128694145001281,6.605001539626733,0,1,0,0,0
10.613050044116122,1.5416007743394364,65.41165582686624,109.87754247738452,24.223069552691026,66.02068464816402,2.410752316001468,6.610267360085045,0,1,1,0,0
15.153657770224275,1.2319657042244478,61.71018584879584,248.64456967504756,21.46351289175137,67.4720730360636,4.226677630580767,3.3804790295801967,0,1,0,0,0
19.252459134786328,1.4736266355011371,116.84766373921217,58.667566681620826,24.152898319889655,92.7985481342916,7.524599650780144,4.402226064219322,0,1,0,0,0
27.36545010816761,1.2167663818176337,206.97939542229352,195.70170877087241,26.148035991943303,104.2898502501786,5.506693458544556,2.6639974421342365,0,1,0,0,0
24.54338139532616,1.298868550402208,191.53618694818314,298.8593790478275,20.34010285593646,106.56500161517839,5.229991659534281,6.975971102243859,1,1,0,0,0
24.85413042399962,0.8712995456928133,207.72299293448128,263.92402345938484,7.2151178492419765,80.39858102268246,3.613121086293161,6.896148493273646,1,0,0,0,0
18.50986668896151,1.4042163363974465,153.45381128832187,180.36142226089737,17.190695241680274,64.9984811510352,4.210693519499474,5.07229911339096,1,1,0,0,0
16.91869985093926,0.9021707869081879,138.03979959109813,65.91022732166059,6.941233366790127,95.12843601011454,7.372076534919016,5.924277328226103,1,0,0,0,1
17.420775259692054,1.4608541042020229,79.49050534125679,257.84337859642744,15.18857577581077,57.57009682836102,5.9987782851610145,5.43305088706035,0,1,0,0,0
29.752991274721158,1.4256224701363087,115.63855072186232,199.74462704430263,15.17766222814069,79.48518201834625,6.724322160513998,4.762370204717075,1,1,0,0,0
10.80218382824965,1.3669957581943812,136.80387323477504,78.73324926489171,6.650246103506039,65.10049230674112,4.726072538405931,1.7934139834389373,0,0,0,0,0
27.340629922448972,0.8289283044198097,67.72008593592345,73.46432120583904,13.720513349236983,85.96417515955133,5.7814833167369475,4.0012038840396364,0,0,0,0,0
21.57350817144787,1.042502684756263,94.12239054224224,277.40670485914814,7.774952469782871,56.82792390254548,3.4903016524592454,5.211324661920758,0,0,0,0,0
18.77230838379181,1.0104900559286745,169.64505881274778,217.30006573451962,25.205880250230553,53.4115062014378,6.232764981700917,5.226423876360266,0,1,0,0,0
24.50515320830273,1.0881091259772153,197.13262284783798,257.3216998291889,28.69220064911177,104.2767360672806,4.565608002220024,3.55217440132311,0,1,0,0,1
19.733378828494057,0.8701141974110709,249.66950227858993,269.7447250705668,6.807911881448465,47.126257806467585,4.655273088888474,6.679305926619168,1,0,0,0,0
27.46846476163321,1.5495662584248504,236.62266626871153,192.94308801208055,28.877880182292536,75.41705354144521,5.89593394746129,2.4204636773022954,1,1,0,0,0
28.01403728022517,1.243041792569901,178.51303990703832,179.36158793876032,18.06441498341863,55.45969480741063,7.61768372881356,4.251976954185583,1,1,0,0,0
18.434418537469107,1.0444194485264189,134.2496106588144,157.60685258024756,12.489141948846846,42.72509743279672,2.3840380796517255,5.299861871029526,0,1,0,0,0
15.536555944701032,1.1175852136594269,177.23547294164655,129.23664694777983,6.9215518819040875,42.52131728039985,6.948459424082046,5.334246932404951,1,0,0,0,0
21.847006571867244,1.1577620324038687,207.13032361604638,158.64899021467795,17.515606701760447,52.265524047407915,3.7542986624731585,5.067514262228485,0,0,0,0,0
28.24726691233382,1.2804754666884939,73.66723818467747,243.4699139325391,24.862888612268716,100.67392481542001,4.663516727038267,3.014085173985231,1,1,0,0,0
14.21324378011333,1.2125435421571984,131.98097793925766,200.48085775378289,22.677161931667452,59.77351207839187,2.1314799726500535,2.359136127776421,0,1,1,0,0
22.459331671269656,1.535513578571534,217.96045712712345,273.1308224887115,6.255650286599344,106.5321419402707,3.806276467005878,4.99767179754691,0,0,0,0,0
22.63120440185041,1.1975707863246643,126.7665903866088,160.84500359479694,6.822545884197588,80.71356050924355,5.015787455780783,4.7961616387669075,1,0,0,0,0
24.66226044830562,1.5937264118586503,164.3744542454373,201.77239467968852,15.071832065815927,70.56299328381363,2.3370564640846343,2.486458056590825,0,1,0,0,0
12.631353702545196,1.4811399661960767,167.55387217243964,207.82688827299717,12.382262351198582,80.60621842686183,4.946574376298991,5.378265300638098,0,1,0,0,0
24.31649929364177,0.9668084114858687,86.89525062672787,197.92429057658137,10.809608076401195,76.16888696583874,7.562663773150564,4.00344595453511,1,1,0,0,0
28.18065041331282,1.5444761717151332,122.44708833045767,225.65844327137907,12.02511247271784,93.11433776301277,2.6323593086468313,5.1726832538173415,0,0,0,0,0
13.59366217740484,0.8930931183083809,116.90225774838643,109.35836709370156,25.087068582422116,59.774724618099654,6.586644368453026,6.105518938735829,0,1,0,0,0
14.750866498477553,1.4539597667929534,55.23934170641296,178.09094438644766,28.230701340796347,64.71352741202116,4.458026320255955,2.4335063571730773,1,1,0,0,0
29.427901880832792,1.1044986347812642,54.83835277827105,76.05620070208693,15.127567363189161,102.58660117732755,5.931042287146028,1.6052967739826016,1,1,0,0,0
13.619539054189795,1.5023794563560557,216.3394087351547,146.12783191120315,27.65277505331243,106.25195592052839,3.5614195879113764,5.785064225176828,0,1,0,0,0
27.087701867391583,1.4944453520859604,104.61416199456248,171.9167671553161,13.03739253119705,102.4790759240532,2.95695357524815,4.853335838339388,1,1,0,0,0
19.845557128960696,1.444740320094097,153.61575324776308,213.05606488636812,16.91092465859479,69.36135957701195,2.9627756856273586,5.348017632921669,0,1,0,0,0
14.944621488063541,1.4320243490456492,109.7451147177546,287.6327631465509,10.650724945399993,94.62558521048172,2.4229516738588677,6.109852362437534,0,0,0,1,0
27.414998025450227,1.0437433112784327,238.1358490230681,200.16276663708896,21.0119010543961,73.34350133107691,3.1138802294074583,5.915460141534753,0,1,0,0,0
18.90610510005331,0.8647354264410018,101.85935177315474,235.89847904413995,29.47452787937022,74.82778965022715,5.985316309933809,6.785060808108535,0,1,0,0,0
20.296347078593804,1.1223841430121293,135.93136254778702,176.56651487380068,20.087327401084465,54.32760763400988,7.290143671061048,4.44764293368665,1,1,0,0,0
17.18466738799531,0.9388196119892069,224.54605009692037,208.52600784408284,13.945352102838722,81.37912122809615,6.884754113546971,4.186725979629479,0,0,0,0,0
21.85901702869855,1.3559608711219693,218.38671335836173,67.73305403344335,21.19543614976321,53.029512842734356,6.110805859246905,3.7103795993990154,0,1,0,0,0
13.270477451700454,1.0768797812302284,87.22028356925546,113.59789521046174,8.07301696163469,63.20952893470356,2.662591180466616,2.345300735643125,0,0,0,0,0
17.821630733035214,1.580488160687932,210.52866195914208,140.4632733012847,27.216477006634967,99.85211411339546,3.735124677775699,4.649339780851124,0,1,0,0,0
29.38824644670575,1.3127776618762657,141.63737734757854,168.1233387516284,17.577098769495908,54.495306644759864,3.858841251934814,3.0235688837928834,1,1,0,0,0
15.16266865402255,1.4579844509074888,146.59377441707105,61.41218637559594,16.23374355099105,44.9810799621403,3.4997416783857274,6.567191317171365,0,0,0,0,0
23.134733290825842,0.9060197381934788,76.69599448318876,85.00602438832942,19.64661971133798,44.83053148289714,5.0900339582583385,4.7075494235240365,0,1,0,0,0
16.503801284493896,1.489611585818098,66.12030275142493,119.20357694782645,20.619596569735062,105.85491643521755,5.213322889278036,4.760620992794606,1,1,0,0,0
25.46946251373201,1.5382057524107156,195.58786139475305,292.8831727252626,6.7943951556628255,75.48443065732843,4.141315851026661,3.452085634823555,1,1,0,0,0
12.617473214366996,1.1896495350551488,149.29223047105995,132.8367517757627,22.06543053058506,68.65884502719129,4.122734952418616,1.7859414358773913,0,1,0,0,0
29.396420901570895,1.2850023502007821,137.3701405230359,170.51026452802063,11.04829200788824,96.76150067055428,6.971333587436488,1.6745907095514374,1,1,0,0,0
19.075790827672783,1.4118478407223964,195.90164573047934,99.02442818459824,22.848815812664746,98.50781495373613,6.735757089918113,3.8283432928425865,0,1,0,0,0
14.72100926692928,0.9398709018083301,203.10257979822194,202.69501776894205,25.56336985960492,63.25337231809232,3.846774990084474,1.9651095795348081,0,1,0,0,0
11.469934946600253,1.202052861170754,81.78163353387072,120.17080387899358,25.098962688813007,88.55326402316567,7.482730663239556,4.837658255470766,1,1,0,0,0
13.395158101750814,1.1189304222178507,172.04502989552827,101.7481446096067,18.812524185197226,93.97859710963206,7.716890102015036,6.345351531018116,0,1,0,0,0
20.395478971120355,0.9170991937297993,77.07081645553711,179.14315711149476,18.00424730776878,85.82554808061681,3.960455252180245,6.356031490852972,0,0,0,0,0
16.740063528625726,1.0940275378332251,200.27501720580915,51.376449790105205,8.571899033485293,50.61165523600695,4.12654969275833,5.124749755727278,1,0,0,0,0
26.57766731765219,0.8545378475083949,181.3910312534279,51.91600816230633,24.38365376007839,101.311815846194,5.033804920531753,2.6617750731011203,0,1,0,0,1
18.617750473236118,0.8206495255595896,241.3229242166916,104.76720227546444,11.78523451116786,77.73661869152062,7.646724875202041,6.246482572473797,1,1,0,0,0
14.974285451752598,0.9081330313238583,63.79160327128424,59.18034062520529,17.417385570448666,59.77306984590026,7.257916598853869,6.373513894222645,1,1,0,0,0
22.342899732080603,1.5704920892713392,61.41094423025086,77.00643853267285,12.106852323187917,69.76597298063857,2.615407775501539,2.581594717241273,1,1,0,0,0
24.135544337708914,1.2396236287160136,106.43741493864003,134.7151623346879,8.345709074992328,42.629976327923515,4.356384459628497,5.555843471738725,0,1,0,0,0
13.340838158018997,1.572657728922576,102.3411367471812,250.64641989495323,20.738942422293412,48.95067608556923,5.320227138498631,3.075857519099176,0,1,0,0,0
13.352384325766353,1.1459983026641056,99.39575981439997,193.01216084232522,6.358300870572595,93.58827253611025,5.01879483530924,5.914521717941113,0,0,0,0,0
10.733428538670859,1.0494529064682077,231.25091610420733,178.16693148910412,23.716130853155,40.00081443287563,3.163178407621356,6.984808449469814,0,1,1,0,0
24.72804030131281,1.2049134902721954,99.90923996990122,123.37220580203041,12.939669881527916,69.15960799376046,7.152900627008928,1.6651430293116605,0,1,0,0,0
23.276090552436102,1.151609350906328,104.3899452257262,282.93842985820413,5.003367325112133,76.57571267599118,6.061644697981024,6.435512261850126,1,0,0,0,0
19.492617514996276,0.8845317474093952,201.87965248359274,149.25376030929792,17.778228480930743,43.82440940006806,7.027450249110822,4.924467934792619,0,1,0,0,0
26.883408979383944,1.312661051752165,139.947968490108,71.77319169894287,6.171297713190079,108.1154714080633,7.152585676096833,6.853604405406516,1,0,0,0,0
26.113403059001065,0.9728305460076797,205.34211139103624,204.2666290294503,11.904238945522486,55.82877318747703,6.490135121994438,4.057552346395352,1,1,0,0,0
21.707087287935042,1.2956703639182638,63.073231512877044,78.45959836915036,22.674412186392903,61.293910374539664,4.635263607498304,6.160633618142556,1,1,0,0,0
27.365425610265174,1.3201608739185229,147.51423873467687,136.30578570042303,6.5672405405466465,61.27597585785192,5.663280530092547,1.8431673772905248,1,1,0,0,0
14.116824200735365,0.9216198825029185,56.722720036656526,176.85298467945222,25.98346230890006,56.1291663482145,2.9621924367184587,3.3440347754306265,0,1,1,0,0
12.238392387954558,0.8490797016885345,62.5306406910709,268.55563117129395,5.095498066464578,40.103167546041796,6.041872504849446,1.8685909576316548,1,0,0,0,0
15.394992230339792,1.424609268854752,231.28749066888219,173.38664508502967,11.170596730047556,91.05413558615975,3.0755195344356845,6.864387234134888,0,1,0,0,0
11.141737121786297,1.1678403390154561,77.84907422351904,225.56469150791605,23.522601403801787,107.67918498594997,6.163697543060941,5.993356489995102,0,1,0,0,0
20.62339056002064,0.8465310364043807,156.48413645504343,298.2042097497676,12.90675374323267,55.700543829953155,3.377588964523812,6.1890108168528375,0,0,0,0,0
28.732113845899228,1.5958930537358138,132.2191205201413,82.8722799744954,7.547309701650338,86.41330342623957,2.70530780090132,6.6588087728864185,0,0,0,0,0
10.786870813370193,0.8462244487970934,119.46866525176854,118.68288137987987,14.005847970010697,91.93274288711007,2.9917069408577444,1.9680691736588194,0,0,0,0,1
12.442198280200536,1.3560281830868426,229.9666691374545,148.6440188994116,11.759832159613138,99.38977653633674,2.011952811314422,3.6207867588233333,0,0,0,1,0
19.043980565668704,1.586943140210731,54.3646793550979,155.45704463470784,26.06779755401387,69.58404379095263,6.312437707121181,1.8906918897420117,0,1,0,0,0
28.6775003505581,0.9913440833727405,182.75793723511782,152.75526881638643,12.833697939628578,61.205163394830045,6.394406294350275,2.6593620585251574,1,1,0,0,0
16.32312209953501,0.913799494949757,242.67888684271009,276.90275063913873,24.723311794400182,62.77065938161218,5.089600099479557,2.761511773707198,0,1,0,0,0
20.144696173767848,0.8971079515379432,162.0336366923684,228.50816111671412,27.296803620268367,89.88349331689591,2.968176806332302,4.080089660761683,0,1,1,0,0
10.831457181007842,1.0426201180540766,237.36449240661835,201.97630352267595,15.845435489413239,97.17456265539452,2.5013260250641385,2.977091920995034,0,1,0,0,1
12.966864019241777,0.8808366488085174,60.45157585720475,127.34317946569553,27.7485785963598,52.71297774296219,2.1147737986237223,2.055379587497686,0,1,1,0,0
29.73260245917694,1.3537290733553056,133.7586638148323,255.9475960553237,14.432951349079822,65.96587057104357,2.9944890617913242,2.421200990017592,1,1,0,0,0
29.30237392872091,0.8498334385040502,102.03155819241023,288.7651278712473,29.101960412252705,103.1358137724405,7.34513320989888,2.3100155995365004,1,1,0,0,1
10.098799618688192,1.207537702519832,196.16419299614597,255.29957063755663,7.232238113139323,96.46854637863174,3.449221050210091,6.85192238851764,0,0,0,0,0
29.03623570846478,1.5973574830823816,246.25941809944933,50.391276297868224,22.175481662581067,108.94008819337331,4.125627963303294,5.676108788051605,0,1,0,0,0
22.78239875631001,1.4511762156048151,101.30601248884956,209.10034254585176,17.34535101142322,92.79737817774566,2.6320729068879993,6.822688058982591,0,1,0,0,0
27.358365890400442,1.2921755505848087,180.8349202948149,62.78384536052518,14.691220136391177,67.52366407195456,3.3341678284890217,3.918572675793497,1,1,0,0,0
19.09479711267718,1.0450028966292895,89.61952655194803,114.40180508343046,20.817796968715022,81.34464837962464,5.1153474246812305,3.031026649144611,0,1,0,0,0
20.311920571585006,1.299116669033311,163.06605091432198,64.88117508694292,22.59642729085828,86.27099779731242,5.646516098573915,5.890612584650527,0,1,0,0,0
19.776931605138405,1.2216331711293213,142.78649733766724,200.94886323734693,5.109081741257727,45.49190714219868,3.4721138849972664,3.2943965492263074,0,0,0,0,0
23.337285150922085,1.1408667071122973,244.4010659263074,221.6474783731517,9.173827218679968,78.11478713727055,2.3463929553507032,3.146608555379416,1,0,0,0,0
12.793025095126257,0.9045683013921596,171.70545453929333,78.62190951647628,22.826151265857966,89.65245799308266,4.346197214764392,2.7787829571430716,0,1,0,0,0
10.599471797453559,1.5092833721923735,119.90127441736375,145.95972076124485,21.65963533945516,51.712491280074225,3.405220225558005,2.2132343802332946,0,1,0,0,0
16.158598831823817,1.159827719057058,72.81915697758667,164.0591272388855,29.15118762821693,94.64422021978899,3.317323539378812,2.910546835592213,0,1,1,0,0
24.093615254732935,0.9556980094566121,80.24936574698691,142.26325544022916,24.025944756269574,80.86409463598781,7.759176816280732,3.4542586166063822,1,1,0,0,0
14.037069042458967,1.0942074807018318,95.06338599024701,80.25625012129827,28.76931769328345,106.65552499883162,5.697802915554345,5.206968144801517,0,1,0,0,1
23.468648666498346,1.1313038020231416,100.1933322680596,154.73694754686886,22.563512538370173,42.96956087448242,5.341270659032576,1.8441066322069837,0,1,0,0,0
29.39824092214541,1.4620303164534996,220.12321156822756,237.79451195210453,12.451305215986078,58.57282962888269,4.4946506211399315,2.657788168159386,1,1,0,0,0
11.878014315788368,1.3868915044491217,162.24455765650498,67.75191613331387,7.634123056271411,82.10877155098768,4.573666000580865,5.94963002160422,1,0,0,0,0
23.452042364502525,1.415443914913072,154.67818227487328,70.04500352047586,24.54559658362339,60.759193854415145,5.245430023028485,2.3080705797107393,0,1,0,0,0
18.875004386091423,0.8088250115429179,72.95377437384349,138.69282295899606,21.1037305368979,90.00969148498694,6.178578842216643,3.3845483058738686,1,1,0,0,1
27.362845087550106,1.1329231985438093,222.027938669887,285.43142790473127,6.204650309832406,93.13036977653516,6.212876577090976,6.2556240702197705,1,0,0,0,0
13.542995788947717,1.185075321308259,194.56286064169674,217.14316168072853,14.001261647524458,47.17611748465321,3.0301634462326974,2.3520892112889347,0,1,0,0,0
23.85251904452329,0.8153538214584454,63.53367238000032,219.6674891681412,28.919995387107154,75.96981249447374,5.000676512459762,1.9550525959000444,0,1,0,0,0
26.762305792962206,1.0078505669960274,191.56701944595375,140.47999770946626,17.51002864275503,75.62233889137391,4.471748570204612,4.16495897294006,0,1,0,0,0
28.892284389480466,1.408231858497708,158.70764346852923,198.4151978021346,15.818228400492616,65.84965391508787,7.223161797616305,3.16330731203195,1,1,0,0,0
23.664960565792917,0.9096877645831993,66.34506914935565,52.53279600693585,16.44249012898235,105.30474037987705,5.788513527310259,4.598746004661198,1,1,0,0,1
19.94349528016855,1.2282481051620735,141.6601283057313,209.02401160238554,10.222068100129093,97.92544239112549,5.195024398495891,5.920926897659113,1,1,0,0,0
22.356944804024277,0.97216149761379,146.9392574260094,278.3217368940592,14.21767927161988,88.80465673367458,2.6923678530735042,2.2543166848400875,1,1,0,0,0
27.378099689574363,0.8096966197151146,83.15490803265516,203.1433670862048,14.245331399679415,90.00286450144984,5.6338273359404685,4.693844965048568,1,1,0,0,1
21.412194932776593,0.9929611660796333,239.13962940005646,268.42464836658627,6.30887550468681,72.32013006691834,2.7032234340814005,4.280298182144252,0,0,0,0,0
10.607741193936738,1.580699003928043,219.99507429613237,230.99326386652345,24.189190712947955,104.46961647676031,4.023239453394512,2.2924333230725975,0,1,0,0,0
28.618973910139555,1.4412296895063919,183.80446746582166,80.13960410092255,15.412610797596974,88.62167990772997,2.8570517888859914,4.931991670409403,1,1,0,0,0
23.790535020631225,1.5676613154568269,142.45911220012144,275.6133268214604,25.55449717041058,91.02867431590715,6.1524418821462135,3.005022298234244,1,1,0,0,0
23.53026771554493,1.1902832351410901,132.35310831690168,66.61096108894372,26.258700027997385,100.31836326511416,3.2375126830169156,4.183088751992068,0,1,1,0,0
14.313503047954343,0.8877889589420028,180.19469343019082,183.49186813694095,10.299851367466452,59.18501125395337,4.351156239128156,1.9524977835238404,1,0,0,0,0
23.177709404653143,1.2383675911789545,159.0863738813811,85.53428094836443,21.433837054253214,96.49496327066922,7.374048665712672,4.027712314674927,0,1,0,0,0
17.877288113083168,1.1635018676479687,62.454621176377124,52.926652682726015,16.807045104074543,53.66684220695444,3.2258983003938217,3.185549074235512,0,1,0,0,0
23.02465954082984,1.4754856661916929,152.50052975406635,155.50856503190977,27.003918448037126,64.17393665714215,5.046830383752675,6.023096661519449,0,1,0,0,0
12.131860606159815,0.8784660646273957,211.2807234465679,123.76017691353906,10.393516979411352,63.49273179888899,4.515629966996132,1.8133829984855256,1,0,0,0,0
23.156906092060723,1.1905929096174226,141.8479755193916,171.50012344940075,21.945330007751107,108.49678278723984,2.1087442462743784,3.8023400120508146,0,1,0,1,0
29.98827451541333,0.9200389317551875,60.39131551085369,194.2999716836377,20.193803056318064,99.95760566235488,6.756548681436877,4.021372832722909,1,1,0,0,1
10.96424077721112,1.0597407415120481,207.2556398768066,60.93476807723684,12.38253693929582,89.08189031131818,2.414275437887598,5.487533419645153,0,0,0,1,0
29.543483684426345,1.3898856619102398,90.27275642719488,80.7508237809364,8.415022591279316,90.89397331307731,4.845530125861721,4.658581662996161,1,1,0,0,0
18.13815921445741,1.1808145034950133,101.72416697760775,189.66059911260635,21.290994011931915,79.34509560817997,5.3640697696337,5.1696678545679955,0,1,0,0,0
27.415069006745185,1.1007106281166155,82.94127068645918,135.79183829316457,23.46493645330827,106.29634669759633,5.770558739687522,5.773771071084659,0,1,0,0,0
25.64770968116547,1.1155810228560283,116.04301297429951,232.29337188736199,12.89068359408375,74.73811270176532,6.1317897758472535,6.2421163551200385,1,1,0,0,0
21.340325219733355,1.1675574147247894,201.350301137727,213.0729121479849,21.120815100557845,66.63623969089261,3.5196343011362905,3.2263152319735875,0,1,0,0,0
24.768984185026532,1.4280132350696455,153.87717190078746,261.4010907474767,14.87827269028758,51.41247358521137,2.0598726599506962,4.459124879501466,1,0,0,0,0
27.57031122602696,1.5136677511521877,90.97625483014251,223.12320666730633,22.83017208206544,95.03439565827406,6.340661974129472,6.120594431415599,1,1,0,0,0
18.082806433020657,1.5642677492031427,225.56601563040817,157.48276934753704,9.980381872351327,91.4110752452914,5.2139395960854715,6.94198122030781,0,0,0,0,0
16.540663231264773,1.4295227090042362,225.91637099030584,218.2416555986081,27.25537506590436,66.90485269668945,7.016706219243493,6.392356210740697,1,1,0,0,0
23.351867711271694,1.0523255165984102,224.11568500920137,118.84529356385463,12.185239911639492,41.763538977146055,6.928330177404166,3.5430699444340723,1,0,0,0,0
26.15691883882517,1.3505077648692336,97.75924227630786,126.57837469455318,14.194649693903823,98.72981294026076,7.0599570067272985,2.573415844702577,1,1,0,0,0
25.245702695532316,1.1500824992443137,140.24786883619763,247.24628998019833,6.452298802008745,40.799258841785154,4.910567959877241,4.191658955736238,0,0,0,0,0
25.956272977172688,1.003736497636841,246.99793122817502,161.60487910039555,7.78780530803191,89.25898457403358,4.001770375021194,5.579027985098232,0,0,0,0,0
18.71166629625866,1.4726972635407383,204.40249526199807,249.5950851295881,17.896547567808202,107.91799768082399,6.74934921554822,4.209129889143137,1,1,0,0,0
26.35668432350043,0.8307410791698601,55.43348424511196,255.6055934170696,11.689816918199288,70.63629297037424,4.707764678175529,4.157494748225177,1,1,0,0,0
12.40418110741217,1.521409593708339,63.04091825209841,264.390584415321,25.88700564355486,56.44813834971669,3.100653178420607,6.110267315949903,0,1,1,0,0
20.88978195921699,1.1691819716997873,142.78627536246654,279.1588089603018,5.367334716373846,89.34097070303672,7.129844117368846,3.487720784869525,0,0,0,0,0
10.115173209962432,1.3097611814466243,231.84404117231202,157.74630512832405,14.477351216798406,97.19896994109095,7.295359260634084,6.228870711464051,1,0,0,0,0
16.491716598005404,1.3274831377646263,157.74035959054285,129.71670458028473,13.433638669227317,78.25012212544931,4.797858536841021,3.7374264052344794,0,1,0,0,0
17.32923069742796,1.5160941925652291,149.56250160685806,195.54968664852848,5.483190772940026,107.69246926793024,2.454198363858725,3.3052820812308665,0,0,0,1,0
17.923453832185107,1.3093357457337658,71.09473999132612,142.7931058594069,8.109209975012757,43.61681051605728,4.326956539501587,3.9969445115983446,0,1,0,0,0
23.909344133797244,1.2911468678080495,181.3560209448588,200.26854170005825,15.341066872965882,75.33569188131696,6.821225956775621,5.693458272711776,1,1,0,0,0
17.771162025406916,0.853321632448552,214.4206321200451,226.39646566095615,17.321614611186163,90.2917763125785,7.410644171277372,2.1930111532519687,1,1,0,0,1
18.973872452450614,1.2147264175561634,126.08400150151246,222.1012546230342,15.107243681371727,100.38483298044252,3.220836454985575,2.5803056872960957,0,1,0,0,0
14.75088261748655,0.9201352006536334,205.1223701850655,143.63822175503034,18.273441960302346,52.547892833545305,2.401841672151629,6.7329465411470055,0,0,0,0,0
17.4650358325868,1.3899470149771886,242.8953307801623,91.7150504246882,19.878291872642038,96.0002437234577,7.264102718797032,2.4652039505974654,1,1,0,0,0
14.545392545263029,1.2097775366501398,90.75329182553781,157.63233461555188,5.248095528195891,78.68949530029818,4.3364296338732515,4.6225002486208,0,0,0,0,0
11.463918475368873,1.3441822233666827,154.66592623894826,85.64853602047718,16.602378986337598,67.75875773929742,5.25056578560538,4.686229566640659,0,0,0,0,0
22.06897186762756,0.8333383204819075,107.42759161691511,272.52425879595205,29.087481022189706,49.22005200053655,7.808394872304554,4.192934541276347,0,1,0,0,0
23.364255971100327,0.8678336128366426,208.57088380676788,136.46936518446435,17.975807003238717,100.57070312362387,2.3993883674853373,5.0460988671725024,0,1,0,1,1
22.389806920192292,1.3730587104501457,165.51867317623152,88.61493680583095,21.93855668647383,51.00912457258008,5.889908044712573,2.764046991886901,1,1,0,0,0
19.26988087601145,0.8576674687989387,176.91648351006074,56.36193997643772,12.79659644792208,61.68515014463695,2.4446325354492027,4.539642472772115,0,1,0,0,0
17.595715603584594,0.8570053822122069,209.58283192317882,211.45559657162107,24.349784453819062,60.30318723737058,4.2528135707990025,3.5469529038579344,0,1,0,0,0
27.266672991436504,0.80968678018791,129.19409453249096,209.2255793636858,24.323037046902876,100.9989823933598,6.82288727116068,5.139169927960539,0,1,0,0,1
20.38163570272436,1.5652011186395842,233.01801368140863,135.15104164532292,18.032401191353472,87.08920959462286,4.600833396533806,2.276729488552322,1,1,0,0,0
19.58363755259462,1.3900066875672055,156.605773449228,67.92797221191276,29.40034558198034,95.76769780339606,7.983094123417702,4.639825792617119,1,1,0,0,0
10.512841316128714,1.0826011268016513,81.5909645670696,152.407223723808,8.138755369066335,57.53275291547493,5.354355709679613,2.5189869546082804,0,1,0,0,0
16.824956552523126,1.0372284650301242,189.1798236337605,127.8043737658484,5.423691622239525,83.74118697248991,3.926972915815721,3.0325368471327003,1,0,0,0,0
17.60391237571714,1.0797625837966798,208.6522700876509,219.28015993375234,24.2539552939274,80.0222188200624,3.320667955428519,2.702903901779708,0,1,1,0,0
17.976455617938008,1.4197228249449456,113.35233541350533,201.4448123631726,25.178888434122065,98.29812637517898,4.103123205716971,2.505607789278494,0,1,0,0,0
21.603447384546648,1.3290964888563317,221.4358513997506,141.148432049385,8.005180728014405,103.42609423368825,4.235199642557305,6.041410233583669,0,0,0,0,0
20.67205093453757,0.9481564542939744,231.22865095315328,104.47313856374753,11.639570823965151,40.85097400341708,2.412282066343766,3.0713916221348967,0,1,0,0,0
22.158101855868892,0.9392874682672675,105.3808974755618,297.00899153889793,5.438809084165722,87.18139433411548,4.217445196560639,6.599180800254471,0,0,0,0,0
25.297665230842565,0.8787165197707179,246.7042945430444,163.50040529902873,12.332715269514118,43.62850593838103,4.7854311184353495,6.83459588939855,1,1,0,0,0
26.25971477432187,1.3282421757610705,78.14230560975169,222.06855894505927,24.328546847966788,78.42010655541492,6.336426513432828,4.641932584654035,1,1,0,0,0
24.362461524529888,1.4114981297773888,90.403133680498,85.1382418945902,17.949013192814473,60.13429103305747,5.940376908329648,2.286506174661495,1,1,0,0,0
29.110473919098695,1.0120371426600032,86.84496784760523,171.39742491484947,13.702389829207203,61.474361966549885,6.252593931374926,3.560015338587697,1,1,0,0,0
10.364651653527233,0.8167559688247303,228.79794200157409,56.88417996736637,14.293482372658257,64.70709524166496,2.0501820912611426,5.887527448415177,0,0,0,0,0
13.915559713670921,0.8657373339811419,180.85851046499238,176.36377947761247,5.0338406428867035,83.4904714334727,3.3060043974832163,3.5206490078338875,0,0,0,0,0
10.151257499562842,1.5742880278760245,80.42085664445457,291.0043517794256,12.495013189130898,63.38349759681385,5.970105730399139,1.9785947006653382,1,0,0,0,0
22.949494283092058,1.0363558219819362,138.06468367366978,146.05167824645005,21.161468540948263,91.28893354131964,4.903936209078482,4.562317010105033,0,1,0,0,1
27.96061097899974,1.415378518270507,173.0596050139604,59.7490031437279,29.35486109540893,68.31691699017088,2.0318808540100757,6.148164683228191,0,1,1,0,0
14.869645931525985,1.299730855083411,66.69281699787666,57.738947729835886,26.176520674597487,44.7847240216971,6.826967854590934,5.877595129289263,0,1,0,0,0
28.540690895926133,1.1055517117223168,226.48327368146775,146.99668998671737,5.589874116138228,94.8631889738875,6.636857439742024,2.463177270716943,1,1,0,0,0
11.205347805791217,0.9645498097564441,210.72070708830702,90.00623411579852,27.464015116870982,60.00308272148942,5.290514977961376,5.200205379268567,0,1,0,0,0
28.688720536110285,0.8971091345275252,151.04135471532766,55.83802408204648,24.57996033246565,70.29368157194838,2.3987799546576327,2.7127734488960593,0,1,1,0,0
17.03245374479269,1.2920103744310933,243.42532305183408,239.05340348754422,24.50940308927451,87.9810718255331,6.599090297195508,2.7001414400369472,0,1,0,0,0
12.02841656898433,1.4197070245102306,133.55219585501993,164.6307522204727,16.44989397508929,63.271931000409836,5.502281526388184,6.307394753178518,0,0,0,0,0
19.717435183726515,1.3151234028329046,246.82206380729957,122.31119299316363,14.95013232386257,43.960995930270094,6.691759862947755,2.873179240071266,0,1,0,0,0
15.135531354410158,1.2242417065993267,183.58399976072542,275.0207957541202,12.572893220829815,66.17447329089696,6.5104819543750425,2.9478604058490614,1,0,0,0,0
15.697458039238457,0.8335609787453091,176.9342546507883,79.0347400501314,6.642371473859145,106.11140078860124,6.8180124317470225,1.5035936491871476,1,0,0,0,1
16.14579929852573,1.574791022075507,83.190979059157,288.9797072388298,10.705884087342477,84.92140781089907,5.108048398427749,6.2886796876903475,0,0,0,0,0
26.060517956653268,1.4389713533236597,226.3855516609288,128.4916793443382,11.165090874450616,87.00354040670449,2.84194710916109,5.859271472650241,0,0,0,0,0
20.78322553350509,1.034257629360772,135.49793758412304,272.1009180771703,17.10192674275504,84.25975075463478,6.026944840278132,4.950309142998729,1,1,0,0,0
16.22615398312007,1.5839762634870806,82.44668115649587,200.7357191198654,23.68611016491735,53.92944972716057,5.722842710311824,5.626461701663632,0,1,0,0,0
22.206675666218366,1.2815052717090578,52.52150399515181,256.67683993537185,16.845245709948664,69.2833704871596,6.453519123194523,2.336267120834705,1,1,0,0,0
24.32301348446387,1.2659381265657972,161.9511367276765,296.0032908026161,6.446111236179015,92.56578588543228,3.019286036304412,4.020779770231664,0,0,0,0,0
15.452480014670675,1.3984585435436259,155.47992442453528,122.10135945468643,28.944745024705096,47.09610282872114,3.1698511994017355,3.4317066304182946,0,1,1,0,0
18.270982030507028,1.44941583047211,193.8707244738317,290.28387135189826,28.568107977352806,59.449694326279854,7.3424571033159705,2.0157708944135906,1,1,0,0,0
12.43772186673895,1.3251828858652022,228.05161060356042,147.3704737256051,24.62973857871021,59.34233759260975,6.499866790712424,4.173717668682082,0,1,0,0,0
13.622986990693606,0.90247659709296,65.88131692860591,146.3779761842306,29.783197539105515,70.24132493161542,7.449370932201937,6.564068076884495,0,1,0,0,0
23.622357079299654,1.0706140047955988,196.29929806807246,135.0967760636264,18.612058320006575,108.62581186595295,6.552291926983524,1.7203251547788196,1,1,0,0,1
13.628766953912539,1.5424669122608399,87.48238881951644,185.3519018368963,29.069208756330152,44.725178267867534,5.582931835941811,3.1030350242158664,0,1,0,0,0
20.503267673341202,0.9796924894750816,221.6354106314328,88.53626079462177,6.890126015418769,76.30906960664166,5.924796422167242,2.6414751491313693,1,0,0,0,0
24.180925234448654,1.0977336190700107,213.81270277233122,188.4278713395028,14.142018706534284,52.55552774085473,7.3347675436400595,2.80980659516133,1,1,0,0,0
12.137538461894877,1.1456615063553568,158.15875099710888,185.426203102501,10.634531700169145,107.9473581786821,5.472840527071643,6.496390035336564,0,0,0,0,0
21.346244392578072,1.1515239917555617,192.0485597246623,240.4754531512175,9.895827103356751,47.93124533092249,5.794347945970324,4.074379798288596,1,0,0,0,0
15.131255674027276,1.2903516659956205,112.87002263674968,258.41249048439636,8.520073722316901,68.25207016531138,2.9388602960216037,4.064646771169004,0,0,0,0,0
29.258537504751597,1.5544606701957662,144.23357978656293,160.110337578106,20.560341039149918,91.65194893842244,4.843527320696616,5.683166033504053,1,1,0,0,0
19.670912934398494,0.992554169466004,214.32737954209432,125.58331233787344,24.533046393682625,89.31880996192118,6.298382671748594,2.349707122027092,1,1,0,0,0
26.119850995503164,0.8972011010407345,141.85303943464277,114.83372432927362,19.45745998550902,69.59100458257527,3.6256561898981925,4.17995944755028,0,1,0,0,0
21.004530843125234,0.9579763918879499,121.55965306508836,98.65595917621798,8.674067739705242,64.25669175669027,3.2135250831472097,3.8649186776658286,0,1,0,0,0
10.868250657096382,1.5095399201674158,148.84248945006,64.41189554975622,25.27809424833677,67.83286649870094,3.8829608493464933,4.783008798006609,0,1,0,0,0
22.663027511880447,1.316648650124165,215.64985048744367,135.61199470867834,20.898867679093215,58.49933842110475,3.4490037679570005,6.997567367877412,0,0,0,0,0
29.02806684413314,1.028725431391328,117.04160947417455,117.56192303269582,14.704142653174888,54.373305709475986,3.289475822218375,5.731968917451259,1,1,0,0,0
22.032236402926625,1.4527575511748938,84.75231862714875,291.60434646660184,21.853257388401573,73.8127788291223,4.549105057208521,3.6882613665958495,0,1,0,0,0
26.383777188535802,1.489095997090749,192.40280406615616,189.42720656251097,11.497624481070822,58.79736292473251,7.447031083301205,6.051541787507258,0,1,0,0,0
27.684129266968156,1.4772114709522226,215.19564254161637,136.81925975762687,13.629805212355263,60.12231654280751,5.042357880432309,2.438895998218641,1,1,0,0,0
14.56159543897865,1.5351412269116436,70.12749570470666,195.116900248424,27.937146078299754,85.972924443219,3.1275222848919384,1.6675502746992807,0,1,1,0,0
14.240896798164533,1.0017928161386893,97.97482255118894,84.79917533642387,12.262612641785509,107.79761321899245,2.4618300162852442,2.6244660485535016,0,0,0,1,1
22.219619777019837,1.4040335429970228,78.39439795219877,161.01093730055072,16.749706703948416,82.25460403915625,6.176936870827552,3.372263558628428,0,0,0,0,0
18.220569396134096,1.168431597819312,119.58828231643332,206.55858035526595,27.253528434900367,45.38856269454764,4.296792586618327,4.3081941660275795,0,1,0,0,0
26.797226057334406,1.4735988423120494,140.07019578108253,172.22445794811284,22.693033756688187,45.29085296978469,6.930985679512156,4.8832102729766,1,1,0,0,0
28.000462467960222,1.3827925417292906,199.7652673926613,150.44470016358105,6.555080654117569,106.59962545918961,5.957064611844621,6.508331444679319,1,0,0,0,0
17.068427586054362,1.4211579571997799,180.22951697633482,298.46209722492455,8.682576106974258,60.810355321513356,6.777448703248211,4.304197052527517,1,1,0,0,0
14.73741117948964,1.3249294701448573,174.18571349568623,270.07869053723175,5.19603976929792,46.44468902577328,3.6316762365106925,4.257016045441512,0,0,0,0,0
25.610510304877238,0.9419430155757655,120.47498932193088,205.85148953986004,20.773044755729085,81.9331211005267,6.1541535347663485,1.7763365540264018,1,1,0,0,0
15.496120710962721,1.2360215351175508,218.289510616952,192.3443402955707,16.19183563526046,83.65541448031863,3.5843719081623124,1.6920135396092308,0,1,0,0,0
26.45228637027357,1.5877357916196067,144.2574334796329,205.16511995614601,8.356871272556887,85.39533740830817,7.634410876701749,4.531379790540046,1,0,0,0,0
18.474765072975256,1.5499104531976953,245.82098760303091,100.32802695560832,28.948353026419262,58.71814195002789,5.818245689200246,3.909982372865895,0,1,0,0,0
23.35099798582941,0.8345389886376093,176.82842765914737,148.78443581607965,18.241493098640497,41.05774789501325,3.9470708010520523,6.115492172391642,0,1,0,0,0
11.910706276693364,0.9318518525835497,75.25294831290054,59.86488322272483,11.04733235282223,107.55107586181303,3.6170711737536356,2.3837377159151485,1,1,0,0,1
22.477186493531462,0.9053830187636496,185.2355124150868,168.88650937170667,17.51508927886769,57.562513198377175,3.145559510429861,1.6373441416437728,0,1,0,0,0
19.035353574744583,1.3807839279882366,115.0208030863398,185.75614598941578,21.990508318377696,87.32184016367833,6.167845753362367,3.9697132236156922,1,1,0,0,0
21.732169263509483,1.4542282638855561,187.26543933721948,106.93743402580239,6.905980449339112,89.46409089150967,3.312293677987564,2.806132062137416,0,0,0,0,0
13.360284154897268,0.9708090930485376,63.92822963248115,291.00721179137844,11.8675953761973,82.700519195564,5.571819595564934,1.772879053363606,1,0,0,0,0
24.73747489888364,1.2046821543614632,84.97628743519188,277.3636527343105,25.17413727209984,61.903517594955375,3.5878101615521443,5.485290577661959,0,1,0,0,0
27.25594155086457,1.4725624224089602,221.14745178115726,230.53580886397646,16.49162176006653,58.97673776348461,5.971813668763211,2.113761499764861,1,1,0,0,0
14.334796001815512,1.3862412358130005,95.43591140470298,183.34665719134065,18.664428550807372,81.83677978918922,6.889638371243235,4.845757250042745,1,1,0,0,0
11.914291110403234,1.2337897643934788,217.408225048588,267.49228991192126,15.820400055236732,100.6266943528184,6.668151458867919,3.0457736259178905,0,1,0,0,0
10.472771720926728,1.2722781523670184,105.85521769088209,82.66308595586572,6.097498566075128,106.27136102463768,6.5651079855846906,2.4542282769526214,1,0,0,0,0
22.83943000886532,1.206688437533024,178.57638201174154,247.62744856872123,9.1437444955039,47.413406308263035,3.126334434153512,3.588633376056246,0,1,0,0,0
22.141880721775614,1.0380387610550565,188.8301147019662,81.20520349171207,16.13854096854727,50.83800288184039,2.530309681907112,5.907951769226245,1,1,0,0,0
20.9339482542814,1.252017594287213,152.5309506290106,248.55266563735137,10.229636635198196,106.13153811481557,6.193692970924314,3.65651467297515,1,1,0,0,0
14.638941922319509,1.3511082416400726,111.06213533934626,118.94189206283924,6.249475716491968,91.55746598343548,4.210083282766108,5.629233070660806,0,0,0,0,0
17.81811991811029,1.4986583326886462,92.52887527421922,269.27264525454723,26.091241601295593,101.80956773808411,4.594077358420083,2.190174632395329,0,1,0,0,0
21.88952670372346,1.3090330831833985,56.63787091248524,286.01052345634946,29.529813229102896,54.18428438947402,2.1868945567603464,5.750242808157935,0,1,1,0,0
19.93533717718339,1.4088972296345266,110.78928024814476,87.19899235127892,24.828571849918486,81.13101097765812,3.557458695650295,2.8031332869865677,0,1,0,0,0
29.755710404297744,0.9280573079636585,180.6325581062566,165.66890126634837,26.344623042616675,89.07977160922316,2.2020584232467844,5.2256622143888,0,1,1,1,0
12.728795051134663,1.169245979535832,237.66096368969653,295.2468445406713,11.049428257926134,87.60783198128809,7.275114635607486,4.61179855162548,0,0,0,0,0
23.902891080951875,0.8074652958616747,224.2408964526104,170.85185899328667,29.015674387829993,68.57061836066887,3.460380099311183,6.61029594466428,0,1,1,0,0
18.086375362085843,0.9973430916172985,203.21295530706053,265.8868806286363,9.92314261133571,41.07764241839159,5.344023017438048,3.630273848864227,1,0,0,0,0
18.563992298512296,1.381169372090404,207.68946865065973,197.18288053282996,28.785745259045807,80.80482397629842,2.2338759239667825,1.8639085385894225,0,1,1,0,0
24.351955313163526,1.593447961079491,182.99698069519906,143.83247697990046,29.870482349148777,57.71710774257261,6.001084347833949,1.605355170531891,0,1,0,0,0
23.84872302648739,0.8793424796697727,102.0573715132006,121.44588888146755,22.793070143651217,71.51779723000232,3.938164074524563,6.047722085350142,1,1,0,0,0
29.825119874043764,1.1211954526890306,231.43900614116598,100.80577277152182,29.52859329479555,107.03067105586722,7.387515121745995,4.386046007137876,1,1,0,0,0
